Customer City,Apparel,Book Shop,Discs Shop,Fan Shop,Fitness,Footwear,Golf,Health and Beauty ,Outdoors,Pet Shop,Technology
Aguadilla,18.0,0.0,0.0,27.0,0.0,0.0,4.0,0.0,1.0,0.0,0.0
Alameda,33.0,0.0,0.0,49.0,1.0,13.0,17.0,0.0,5.0,0.0,0.0
Albany,16.0,0.0,0.0,24.0,4.0,9.0,15.0,0.0,3.0,0.0,0.0
Albuquerque,163.0,1.0,7.0,191.0,6.0,40.0,120.0,0.0,17.0,0.0,7.0
Algonquin,36.0,0.0,4.0,45.0,0.0,9.0,22.0,1.0,10.0,0.0,1.0
Alhambra,25.0,0.0,1.0,46.0,5.0,5.0,26.0,0.0,7.0,1.0,1.0
Allentown,17.0,0.0,3.0,11.0,0.0,4.0,11.0,0.0,4.0,0.0,0.0
Alpharetta,35.0,0.0,1.0,34.0,3.0,7.0,17.0,0.0,7.0,0.0,2.0
Amarillo,75.0,2.0,3.0,114.0,2.0,20.0,54.0,0.0,16.0,2.0,4.0
Anaheim,84.0,0.0,2.0,126.0,6.0,26.0,75.0,0.0,10.0,0.0,2.0
Ann Arbor,45.0,1.0,3.0,71.0,4.0,12.0,40.0,0.0,6.0,0.0,3.0
Annandale,32.0,0.0,2.0,39.0,1.0,6.0,18.0,1.0,4.0,0.0,1.0
Annapolis,27.0,1.0,2.0,27.0,2.0,5.0,23.0,0.0,6.0,0.0,0.0
Antioch,77.0,2.0,1.0,138.0,2.0,30.0,67.0,0.0,27.0,2.0,1.0
Apex,54.0,2.0,3.0,94.0,4.0,21.0,50.0,0.0,12.0,0.0,0.0
Apopka,26.0,1.0,1.0,49.0,0.0,14.0,26.0,0.0,8.0,0.0,0.0
Arecibo,27.0,0.0,1.0,40.0,4.0,12.0,30.0,1.0,6.0,0.0,1.0
Arlington,28.0,0.0,0.0,39.0,0.0,11.0,23.0,1.0,6.0,0.0,1.0
Arlington Heights,15.0,0.0,0.0,24.0,0.0,8.0,14.0,0.0,5.0,0.0,0.0
Asheboro,12.0,0.0,6.0,25.0,1.0,6.0,15.0,0.0,2.0,0.0,0.0
Astoria,20.0,0.0,0.0,35.0,4.0,7.0,12.0,0.0,6.0,0.0,1.0
Atlanta,113.0,1.0,8.0,158.0,7.0,31.0,62.0,1.0,28.0,1.0,6.0
Augusta,56.0,1.0,0.0,83.0,2.0,11.0,33.0,2.0,13.0,4.0,2.0
Aurora,282.0,1.0,11.0,358.0,14.0,84.0,185.0,2.0,63.0,8.0,7.0
Austin,95.0,0.0,7.0,111.0,2.0,21.0,49.0,0.0,19.0,2.0,8.0
Azusa,32.0,0.0,0.0,46.0,5.0,11.0,36.0,0.0,7.0,0.0,0.0
Bakersfield,155.0,0.0,8.0,207.0,8.0,52.0,118.0,0.0,29.0,0.0,4.0
Baldwin Park,31.0,0.0,2.0,43.0,0.0,7.0,21.0,0.0,4.0,0.0,1.0
Ballwin,27.0,0.0,1.0,74.0,0.0,12.0,29.0,1.0,6.0,1.0,0.0
Baltimore,146.0,2.0,1.0,208.0,8.0,56.0,104.0,2.0,33.0,2.0,3.0
Bartlett,11.0,0.0,0.0,4.0,0.0,1.0,8.0,0.0,1.0,0.0,0.0
Bay Shore,15.0,0.0,0.0,18.0,0.0,3.0,15.0,0.0,1.0,0.0,1.0
Bayamon,91.0,2.0,3.0,106.0,1.0,28.0,47.0,0.0,18.0,0.0,1.0
Bayonne,17.0,0.0,0.0,22.0,1.0,5.0,14.0,0.0,5.0,0.0,0.0
Baytown,25.0,0.0,1.0,41.0,2.0,6.0,22.0,0.0,6.0,0.0,1.0
Beaverton,37.0,1.0,1.0,42.0,0.0,10.0,20.0,1.0,5.0,0.0,1.0
Bell Gardens,32.0,0.0,1.0,65.0,3.0,9.0,29.0,1.0,9.0,0.0,1.0
Bellflower,27.0,1.0,3.0,61.0,3.0,10.0,25.0,0.0,10.0,0.0,2.0
Bellingham,9.0,0.0,0.0,19.0,0.0,6.0,11.0,0.0,2.0,0.0,0.0
Beloit,36.0,0.0,0.0,59.0,2.0,7.0,30.0,0.0,8.0,1.0,0.0
Bend,82.0,1.0,4.0,102.0,0.0,12.0,41.0,0.0,6.0,0.0,6.0
Bensalem,18.0,1.0,2.0,37.0,0.0,10.0,14.0,0.0,1.0,0.0,0.0
Berwyn,18.0,0.0,0.0,27.0,1.0,6.0,9.0,0.0,6.0,0.0,0.0
Billings,17.0,0.0,0.0,39.0,2.0,4.0,16.0,0.0,7.0,0.0,2.0
Birmingham,7.0,0.0,0.0,15.0,0.0,4.0,6.0,0.0,1.0,0.0,2.0
Bismarck,40.0,0.0,1.0,44.0,2.0,16.0,26.0,0.0,6.0,2.0,0.0
Blacksburg,21.0,0.0,0.0,20.0,1.0,1.0,13.0,0.0,5.0,0.0,1.0
Bloomfield,30.0,0.0,1.0,28.0,1.0,10.0,13.0,1.0,7.0,0.0,2.0
Bolingbrook,31.0,0.0,0.0,23.0,3.0,5.0,12.0,0.0,3.0,0.0,2.0
Bountiful,28.0,0.0,1.0,38.0,1.0,6.0,16.0,0.0,5.0,0.0,1.0
Bowling Green,42.0,0.0,2.0,49.0,1.0,6.0,21.0,0.0,7.0,0.0,0.0
Brandon,39.0,1.0,1.0,59.0,2.0,17.0,30.0,1.0,8.0,0.0,0.0
Brentwood,10.0,0.0,1.0,13.0,1.0,3.0,7.0,0.0,3.0,0.0,1.0
Bridgeton,48.0,0.0,1.0,64.0,3.0,15.0,32.0,0.0,10.0,2.0,3.0
Brighton,36.0,0.0,3.0,75.0,4.0,21.0,28.0,0.0,11.0,0.0,2.0
Bristol,23.0,1.0,1.0,41.0,0.0,5.0,9.0,0.0,5.0,0.0,1.0
Brockton,22.0,0.0,0.0,34.0,0.0,9.0,15.0,0.0,3.0,2.0,0.0
Broken Arrow,46.0,1.0,1.0,58.0,0.0,8.0,23.0,0.0,8.0,0.0,3.0
Bronx,419.0,5.0,11.0,572.0,16.0,121.0,264.0,3.0,73.0,3.0,13.0
Brooklyn,886.0,9.0,39.0,1280.0,43.0,286.0,630.0,7.0,194.0,21.0,17.0
Broomfield,17.0,2.0,1.0,32.0,1.0,4.0,13.0,0.0,3.0,0.0,1.0
Brownsville,62.0,2.0,2.0,85.0,5.0,27.0,44.0,0.0,17.0,0.0,1.0
Buena Park,14.0,0.0,2.0,29.0,0.0,4.0,14.0,0.0,3.0,0.0,0.0
Buffalo,95.0,1.0,2.0,115.0,6.0,21.0,60.0,0.0,25.0,0.0,6.0
Burnsville,27.0,0.0,0.0,58.0,2.0,11.0,27.0,0.0,5.0,0.0,1.0
CA,1.0,0.0,1.0,0.0,0.0,0.0,0.0,0.0,0.0,0.0,1.0
Caguas,18272.0,151.0,752.0,24662.0,931.0,5342.0,12262.0,136.0,3541.0,177.0,544.0
Campbell,41.0,0.0,0.0,49.0,2.0,15.0,28.0,0.0,9.0,0.0,0.0
Canoga Park,25.0,0.0,0.0,34.0,2.0,5.0,17.0,0.0,6.0,0.0,0.0
Canovanas,14.0,0.0,0.0,15.0,3.0,3.0,12.0,0.0,1.0,0.0,0.0
Canton,46.0,0.0,1.0,60.0,4.0,16.0,25.0,0.0,11.0,0.0,3.0
Canyon Country,27.0,1.0,1.0,30.0,3.0,6.0,21.0,0.0,6.0,0.0,0.0
Carlisle,62.0,0.0,3.0,81.0,4.0,15.0,43.0,0.0,7.0,0.0,2.0
Carlsbad,54.0,0.0,3.0,72.0,1.0,12.0,34.0,0.0,14.0,0.0,2.0
Carmichael,28.0,0.0,1.0,43.0,4.0,11.0,19.0,0.0,5.0,0.0,0.0
Carol Stream,50.0,1.0,1.0,66.0,5.0,9.0,44.0,0.0,8.0,0.0,0.0
Carolina,40.0,0.0,3.0,54.0,0.0,15.0,31.0,0.0,8.0,1.0,1.0
Carrollton,49.0,1.0,3.0,71.0,6.0,12.0,37.0,0.0,4.0,0.0,1.0
Carson,45.0,0.0,0.0,56.0,4.0,12.0,27.0,1.0,9.0,0.0,2.0
Cary,28.0,0.0,0.0,33.0,0.0,11.0,21.0,0.0,6.0,2.0,0.0
Catonsville,43.0,0.0,2.0,63.0,5.0,18.0,35.0,1.0,4.0,1.0,2.0
Cayey,14.0,0.0,0.0,26.0,0.0,4.0,5.0,0.0,1.0,0.0,0.0
Cerritos,39.0,1.0,3.0,55.0,0.0,11.0,26.0,0.0,5.0,0.0,1.0
Chambersburg,18.0,0.0,0.0,12.0,0.0,6.0,7.0,0.0,1.0,0.0,0.0
Chandler,61.0,0.0,5.0,81.0,3.0,18.0,42.0,0.0,13.0,1.0,1.0
Chapel Hill,38.0,0.0,4.0,39.0,1.0,6.0,25.0,2.0,7.0,0.0,1.0
Charlotte,30.0,0.0,0.0,34.0,2.0,7.0,12.0,0.0,5.0,0.0,1.0
Chesapeake,43.0,0.0,3.0,66.0,3.0,12.0,37.0,0.0,5.0,2.0,1.0
Chicago,1020.0,8.0,45.0,1496.0,62.0,309.0,701.0,11.0,202.0,8.0,23.0
Chicago Heights,12.0,0.0,1.0,22.0,1.0,4.0,8.0,0.0,3.0,0.0,1.0
Chillicothe,33.0,0.0,1.0,38.0,0.0,9.0,20.0,0.0,6.0,1.0,0.0
Chino,23.0,1.0,0.0,39.0,0.0,12.0,33.0,0.0,4.0,0.0,1.0
Chino Hills,20.0,0.0,2.0,23.0,3.0,7.0,21.0,0.0,2.0,1.0,0.0
Chula Vista,75.0,0.0,3.0,72.0,0.0,15.0,37.0,0.0,15.0,1.0,3.0
Cicero,28.0,0.0,0.0,23.0,1.0,5.0,18.0,0.0,8.0,0.0,0.0
Cincinnati,28.0,1.0,0.0,28.0,0.0,9.0,16.0,0.0,7.0,0.0,1.0
Citrus Heights,16.0,2.0,1.0,31.0,0.0,6.0,16.0,0.0,5.0,0.0,1.0
Clarksville,29.0,0.0,0.0,31.0,3.0,8.0,20.0,0.0,5.0,0.0,0.0
Clearfield,33.0,0.0,1.0,52.0,0.0,13.0,22.0,0.0,7.0,2.0,2.0
Clementon,18.0,0.0,1.0,29.0,4.0,9.0,17.0,1.0,8.0,4.0,0.0
Cleveland,195.0,0.0,7.0,296.0,8.0,69.0,150.0,0.0,52.0,0.0,7.0
Clovis,32.0,0.0,2.0,46.0,1.0,7.0,20.0,1.0,5.0,0.0,0.0
College Station,42.0,0.0,1.0,65.0,3.0,12.0,31.0,1.0,7.0,0.0,1.0
Colorado Springs,77.0,0.0,4.0,92.0,0.0,23.0,33.0,0.0,18.0,0.0,4.0
Colton,18.0,1.0,0.0,15.0,0.0,8.0,13.0,0.0,4.0,0.0,0.0
Columbia,94.0,0.0,3.0,96.0,11.0,26.0,51.0,3.0,14.0,1.0,3.0
Columbus,188.0,4.0,10.0,220.0,10.0,54.0,117.0,1.0,32.0,3.0,3.0
Compton,70.0,1.0,4.0,72.0,3.0,15.0,35.0,0.0,18.0,0.0,3.0
Conway,21.0,0.0,0.0,19.0,0.0,3.0,10.0,0.0,1.0,2.0,1.0
Cordova,34.0,0.0,0.0,41.0,3.0,13.0,31.0,0.0,13.0,2.0,0.0
Corona,105.0,1.0,0.0,174.0,8.0,37.0,63.0,1.0,22.0,0.0,1.0
Costa Mesa,66.0,1.0,6.0,85.0,3.0,15.0,32.0,0.0,19.0,0.0,1.0
Crown Point,32.0,0.0,0.0,22.0,0.0,6.0,17.0,0.0,5.0,0.0,1.0
Crystal Lake,31.0,0.0,2.0,50.0,3.0,8.0,16.0,0.0,8.0,0.0,4.0
Cumberland,54.0,1.0,4.0,62.0,2.0,15.0,41.0,0.0,10.0,1.0,0.0
Cupertino,28.0,0.0,2.0,42.0,2.0,7.0,16.0,2.0,7.0,0.0,1.0
Cypress,39.0,0.0,0.0,38.0,0.0,4.0,24.0,0.0,3.0,0.0,2.0
Dallas,266.0,1.0,9.0,372.0,19.0,86.0,192.0,1.0,62.0,10.0,11.0
Daly City,54.0,0.0,0.0,76.0,5.0,14.0,35.0,1.0,12.0,1.0,2.0
Danbury,21.0,0.0,1.0,27.0,1.0,9.0,11.0,0.0,6.0,0.0,0.0
Davis,29.0,0.0,1.0,60.0,2.0,14.0,29.0,0.0,11.0,0.0,0.0
Dayton,12.0,1.0,1.0,26.0,2.0,2.0,15.0,0.0,9.0,0.0,2.0
Dearborn,64.0,1.0,3.0,83.0,5.0,17.0,38.0,0.0,10.0,0.0,2.0
Decatur,25.0,0.0,2.0,26.0,2.0,11.0,21.0,0.0,5.0,0.0,2.0
Del Rio,62.0,0.0,2.0,44.0,0.0,9.0,36.0,1.0,12.0,0.0,3.0
Denton,28.0,0.0,1.0,33.0,1.0,4.0,23.0,0.0,1.0,0.0,0.0
Denver,60.0,2.0,3.0,89.0,3.0,24.0,40.0,1.0,11.0,0.0,3.0
Des Plaines,18.0,0.0,1.0,34.0,0.0,6.0,11.0,1.0,1.0,0.0,1.0
Detroit,237.0,2.0,9.0,371.0,17.0,77.0,188.0,1.0,47.0,2.0,7.0
Diamond Bar,43.0,0.0,1.0,62.0,1.0,10.0,25.0,1.0,5.0,0.0,0.0
Dorchester Center,36.0,1.0,0.0,65.0,4.0,10.0,27.0,0.0,4.0,4.0,1.0
Douglasville,16.0,0.0,1.0,27.0,0.0,5.0,13.0,1.0,2.0,0.0,1.0
Doylestown,17.0,0.0,3.0,45.0,1.0,9.0,13.0,0.0,3.0,0.0,1.0
Dubuque,20.0,1.0,2.0,29.0,0.0,2.0,8.0,0.0,3.0,0.0,2.0
Duluth,27.0,1.0,3.0,46.0,3.0,11.0,20.0,0.0,8.0,0.0,0.0
Dundalk,25.0,1.0,0.0,43.0,3.0,11.0,23.0,0.0,8.0,0.0,0.0
Eagle Pass,23.0,0.0,0.0,39.0,2.0,6.0,20.0,0.0,4.0,0.0,1.0
East Brunswick,26.0,0.0,0.0,50.0,3.0,7.0,15.0,0.0,4.0,0.0,0.0
East Lansing,33.0,0.0,3.0,56.0,0.0,18.0,31.0,1.0,7.0,0.0,1.0
Edinburg,19.0,0.0,0.0,15.0,1.0,1.0,8.0,0.0,3.0,0.0,0.0
Edison,22.0,0.0,0.0,23.0,0.0,4.0,15.0,1.0,3.0,0.0,2.0
El Cajon,66.0,0.0,5.0,67.0,1.0,10.0,45.0,1.0,8.0,0.0,4.0
El Centro,33.0,0.0,2.0,46.0,3.0,12.0,22.0,1.0,7.0,0.0,3.0
El Monte,36.0,0.0,0.0,57.0,1.0,6.0,18.0,0.0,7.0,0.0,1.0
El Paso,175.0,0.0,7.0,232.0,7.0,56.0,121.0,5.0,39.0,0.0,7.0
Elgin,80.0,1.0,2.0,115.0,7.0,28.0,65.0,0.0,15.0,6.0,2.0
Elk Grove,32.0,0.0,2.0,41.0,2.0,9.0,20.0,0.0,4.0,0.0,3.0
Elmhurst,91.0,0.0,4.0,137.0,4.0,28.0,54.0,1.0,24.0,0.0,2.0
Elyria,63.0,0.0,2.0,61.0,4.0,17.0,38.0,1.0,5.0,2.0,1.0
Encinitas,71.0,0.0,1.0,109.0,3.0,23.0,37.0,0.0,10.0,0.0,0.0
Endicott,53.0,0.0,3.0,62.0,2.0,25.0,50.0,0.0,11.0,0.0,0.0
Enfield,40.0,1.0,0.0,59.0,2.0,13.0,19.0,0.0,5.0,0.0,0.0
Englewood,18.0,0.0,1.0,26.0,1.0,7.0,19.0,0.0,8.0,0.0,2.0
Escondido,109.0,1.0,3.0,136.0,4.0,22.0,104.0,0.0,16.0,0.0,2.0
Eugene,77.0,0.0,4.0,106.0,6.0,22.0,57.0,0.0,12.0,4.0,1.0
Everett,29.0,0.0,0.0,34.0,0.0,11.0,17.0,0.0,4.0,0.0,0.0
Ewa Beach,38.0,0.0,1.0,39.0,0.0,7.0,25.0,0.0,5.0,1.0,0.0
Fairfield,45.0,0.0,3.0,78.0,2.0,16.0,27.0,0.0,12.0,2.0,2.0
Far Rockaway,45.0,0.0,2.0,36.0,2.0,10.0,19.0,0.0,5.0,0.0,1.0
Fargo,18.0,0.0,1.0,28.0,1.0,11.0,15.0,0.0,4.0,0.0,0.0
Fayetteville,50.0,0.0,1.0,59.0,1.0,10.0,33.0,0.0,4.0,0.0,1.0
Federal Way,29.0,0.0,0.0,41.0,1.0,8.0,14.0,0.0,5.0,0.0,0.0
Findlay,37.0,0.0,0.0,48.0,2.0,9.0,19.0,0.0,7.0,0.0,0.0
Florissant,102.0,1.0,1.0,137.0,5.0,27.0,54.0,0.0,20.0,2.0,4.0
Flushing,27.0,1.0,0.0,57.0,1.0,9.0,20.0,1.0,5.0,2.0,1.0
Folsom,34.0,0.0,0.0,40.0,1.0,8.0,13.0,0.0,8.0,0.0,1.0
Fond Du Lac,38.0,0.0,1.0,39.0,1.0,5.0,18.0,0.0,7.0,0.0,1.0
Fontana,56.0,1.0,4.0,55.0,2.0,15.0,36.0,0.0,8.0,2.0,1.0
Forest Hills,16.0,0.0,0.0,24.0,2.0,7.0,15.0,1.0,5.0,0.0,1.0
Fort Lauderdale,170.0,0.0,10.0,262.0,8.0,52.0,112.0,1.0,26.0,1.0,4.0
Fort Washington,30.0,0.0,2.0,36.0,2.0,10.0,15.0,0.0,6.0,0.0,1.0
Fort Worth,98.0,3.0,2.0,148.0,4.0,32.0,79.0,1.0,17.0,0.0,6.0
Fountain Valley,28.0,0.0,2.0,33.0,0.0,7.0,21.0,1.0,9.0,0.0,2.0
Frankfort,39.0,0.0,0.0,55.0,2.0,7.0,22.0,0.0,14.0,0.0,2.0
Freehold,3.0,0.0,0.0,5.0,0.0,1.0,3.0,0.0,1.0,0.0,0.0
Freeport,59.0,1.0,0.0,71.0,5.0,21.0,37.0,0.0,16.0,0.0,4.0
Fremont,74.0,1.0,9.0,106.0,5.0,19.0,48.0,1.0,19.0,0.0,2.0
Fresno,101.0,0.0,2.0,158.0,8.0,29.0,83.0,1.0,28.0,1.0,3.0
Fullerton,74.0,1.0,7.0,74.0,3.0,15.0,44.0,0.0,16.0,0.0,1.0
Gaithersburg,18.0,1.0,0.0,26.0,1.0,3.0,12.0,0.0,5.0,0.0,0.0
Garden Grove,67.0,0.0,5.0,107.0,7.0,25.0,57.0,2.0,13.0,2.0,3.0
Gardena,50.0,0.0,3.0,81.0,5.0,19.0,24.0,0.0,8.0,0.0,1.0
Garland,27.0,0.0,3.0,19.0,3.0,9.0,16.0,0.0,8.0,2.0,1.0
Germantown,40.0,0.0,1.0,39.0,0.0,13.0,22.0,1.0,5.0,0.0,0.0
Gilroy,29.0,0.0,1.0,38.0,2.0,5.0,21.0,0.0,7.0,0.0,1.0
Glen Burnie,17.0,0.0,1.0,20.0,1.0,2.0,14.0,0.0,5.0,0.0,0.0
Glendale,73.0,1.0,1.0,110.0,6.0,17.0,40.0,0.0,12.0,1.0,1.0
Glenview,27.0,1.0,0.0,47.0,0.0,7.0,17.0,1.0,4.0,0.0,3.0
Goleta,15.0,1.0,2.0,25.0,0.0,6.0,11.0,0.0,5.0,0.0,0.0
Goose Creek,34.0,0.0,0.0,42.0,2.0,7.0,22.0,0.0,4.0,0.0,0.0
Granada Hills,44.0,0.0,2.0,59.0,2.0,17.0,29.0,0.0,5.0,0.0,0.0
Grand Prairie,18.0,0.0,1.0,16.0,1.0,4.0,8.0,0.0,4.0,0.0,2.0
Granite City,31.0,0.0,1.0,32.0,0.0,10.0,18.0,0.0,3.0,2.0,0.0
Greeley,55.0,0.0,4.0,76.0,2.0,19.0,46.0,0.0,21.0,0.0,1.0
Greensboro,72.0,0.0,4.0,79.0,5.0,21.0,42.0,2.0,10.0,0.0,2.0
Greensburg,20.0,0.0,2.0,27.0,0.0,3.0,19.0,0.0,1.0,0.0,1.0
Greenville,63.0,0.0,4.0,67.0,6.0,20.0,47.0,0.0,5.0,3.0,2.0
Grove City,16.0,0.0,1.0,20.0,0.0,2.0,21.0,0.0,3.0,0.0,1.0
Guayama,25.0,0.0,1.0,47.0,1.0,12.0,18.0,0.0,8.0,3.0,1.0
Guaynabo,29.0,1.0,2.0,43.0,1.0,4.0,15.0,0.0,2.0,0.0,1.0
Gwynn Oak,12.0,0.0,0.0,12.0,0.0,4.0,7.0,0.0,0.0,0.0,0.0
Hacienda Heights,14.0,0.0,0.0,37.0,1.0,2.0,10.0,0.0,9.0,0.0,1.0
Hagerstown,33.0,0.0,2.0,47.0,2.0,14.0,23.0,2.0,8.0,0.0,2.0
Hamilton,65.0,2.0,3.0,96.0,2.0,19.0,37.0,1.0,17.0,3.0,1.0
Hampton,43.0,0.0,2.0,48.0,2.0,7.0,27.0,0.0,8.0,0.0,1.0
Hamtramck,43.0,1.0,3.0,75.0,2.0,13.0,31.0,1.0,8.0,0.0,2.0
Hanford,40.0,0.0,0.0,58.0,0.0,10.0,31.0,0.0,8.0,0.0,1.0
Hanover,33.0,2.0,2.0,42.0,3.0,11.0,29.0,0.0,4.0,0.0,0.0
Harlingen,35.0,0.0,2.0,69.0,5.0,12.0,27.0,0.0,5.0,0.0,1.0
Harvey,33.0,0.0,4.0,41.0,0.0,4.0,16.0,0.0,10.0,0.0,1.0
Hawthorne,26.0,0.0,0.0,36.0,0.0,7.0,13.0,0.0,7.0,0.0,0.0
Hayward,89.0,1.0,3.0,114.0,6.0,32.0,57.0,2.0,19.0,1.0,2.0
Hempstead,10.0,0.0,0.0,15.0,2.0,1.0,6.0,0.0,1.0,0.0,0.0
Henderson,17.0,0.0,4.0,27.0,0.0,10.0,15.0,0.0,2.0,0.0,0.0
Hendersonville,30.0,0.0,1.0,48.0,0.0,7.0,28.0,2.0,3.0,0.0,0.0
Henrico,24.0,0.0,2.0,29.0,0.0,3.0,16.0,1.0,5.0,0.0,0.0
Hesperia,38.0,0.0,1.0,26.0,0.0,11.0,25.0,0.0,9.0,0.0,1.0
Hialeah,127.0,1.0,2.0,176.0,3.0,33.0,82.0,3.0,25.0,1.0,2.0
Hickory,49.0,0.0,0.0,42.0,1.0,11.0,27.0,0.0,3.0,0.0,0.0
Highland,55.0,0.0,0.0,73.0,2.0,15.0,32.0,0.0,12.0,0.0,1.0
Highland Park,30.0,0.0,1.0,32.0,0.0,7.0,21.0,0.0,3.0,0.0,1.0
Hilliard,38.0,0.0,0.0,40.0,1.0,9.0,21.0,0.0,4.0,0.0,1.0
Holland,36.0,0.0,1.0,45.0,3.0,8.0,15.0,0.0,2.0,0.0,2.0
Hollister,23.0,0.0,2.0,23.0,0.0,5.0,16.0,0.0,4.0,0.0,3.0
Hollywood,83.0,1.0,2.0,102.0,6.0,17.0,53.0,0.0,16.0,0.0,1.0
Honolulu,162.0,0.0,9.0,222.0,14.0,46.0,115.0,0.0,32.0,4.0,5.0
Houston,354.0,1.0,10.0,480.0,22.0,116.0,228.0,2.0,72.0,1.0,11.0
Howell,22.0,0.0,0.0,36.0,1.0,4.0,18.0,0.0,10.0,0.0,1.0
Humacao,56.0,1.0,2.0,79.0,4.0,19.0,44.0,1.0,9.0,0.0,1.0
Huntington Beach,51.0,0.0,4.0,72.0,1.0,10.0,37.0,0.0,16.0,0.0,0.0
Huntington Park,23.0,0.0,0.0,26.0,0.0,6.0,10.0,0.0,3.0,0.0,1.0
Huntington Station,25.0,0.0,0.0,38.0,0.0,4.0,17.0,0.0,7.0,0.0,2.0
Hyattsville,68.0,1.0,3.0,90.0,4.0,13.0,44.0,0.0,14.0,2.0,2.0
Indianapolis,53.0,1.0,1.0,75.0,4.0,11.0,30.0,0.0,11.0,0.0,0.0
Indio,21.0,0.0,1.0,34.0,0.0,7.0,13.0,0.0,6.0,0.0,2.0
Irving,77.0,0.0,3.0,90.0,2.0,15.0,38.0,1.0,11.0,0.0,2.0
Irvington,20.0,0.0,0.0,35.0,4.0,6.0,13.0,0.0,7.0,0.0,2.0
Irwin,57.0,1.0,1.0,54.0,2.0,16.0,25.0,0.0,11.0,0.0,2.0
Ithaca,19.0,1.0,1.0,30.0,3.0,7.0,11.0,0.0,5.0,2.0,0.0
Jackson,52.0,0.0,0.0,85.0,1.0,11.0,33.0,0.0,16.0,0.0,1.0
Jackson Heights,19.0,0.0,1.0,23.0,0.0,4.0,12.0,0.0,4.0,0.0,2.0
Jacksonville,70.0,3.0,3.0,114.0,2.0,28.0,50.0,0.0,17.0,0.0,4.0
Jamaica,75.0,1.0,1.0,85.0,3.0,22.0,58.0,0.0,16.0,0.0,2.0
Jersey City,78.0,1.0,3.0,106.0,5.0,23.0,44.0,1.0,19.0,0.0,2.0
Joliet,36.0,0.0,3.0,44.0,3.0,9.0,23.0,0.0,5.0,0.0,2.0
Jonesboro,32.0,0.0,1.0,33.0,0.0,6.0,25.0,0.0,8.0,1.0,1.0
Juana Diaz,28.0,1.0,1.0,31.0,1.0,10.0,9.0,0.0,7.0,0.0,0.0
Kailua,26.0,0.0,0.0,26.0,0.0,8.0,11.0,1.0,5.0,0.0,0.0
Kaneohe,22.0,0.0,1.0,43.0,2.0,5.0,24.0,0.0,5.0,0.0,2.0
Katy,31.0,1.0,1.0,47.0,1.0,13.0,20.0,0.0,3.0,0.0,1.0
Kenner,10.0,0.0,1.0,25.0,0.0,8.0,6.0,0.0,1.0,0.0,1.0
Kent,44.0,0.0,2.0,53.0,1.0,18.0,25.0,1.0,10.0,1.0,3.0
Knoxville,22.0,1.0,0.0,47.0,0.0,8.0,25.0,0.0,7.0,0.0,0.0
La Crosse,40.0,1.0,4.0,72.0,5.0,15.0,38.0,0.0,7.0,0.0,2.0
La Habra,26.0,0.0,3.0,44.0,1.0,6.0,16.0,0.0,4.0,0.0,0.0
La Mesa,48.0,0.0,3.0,74.0,1.0,13.0,29.0,0.0,6.0,0.0,3.0
La Mirada,42.0,0.0,0.0,55.0,0.0,7.0,31.0,0.0,10.0,0.0,0.0
La Puente,12.0,1.0,1.0,20.0,0.0,6.0,11.0,0.0,3.0,0.0,0.0
Laguna Hills,15.0,0.0,0.0,22.0,0.0,6.0,16.0,0.0,4.0,0.0,0.0
Laguna Niguel,26.0,0.0,0.0,37.0,2.0,9.0,14.0,1.0,9.0,0.0,0.0
Lake Forest,52.0,0.0,1.0,69.0,2.0,26.0,25.0,1.0,17.0,0.0,1.0
Lakewood,78.0,0.0,9.0,121.0,4.0,17.0,55.0,2.0,21.0,2.0,3.0
Lancaster,166.0,2.0,13.0,279.0,14.0,72.0,173.0,2.0,34.0,0.0,7.0
Lansdale,27.0,0.0,1.0,37.0,1.0,10.0,18.0,0.0,4.0,0.0,3.0
Laredo,90.0,0.0,4.0,138.0,5.0,22.0,80.0,1.0,17.0,2.0,3.0
Las Cruces,32.0,0.0,1.0,51.0,0.0,13.0,25.0,0.0,7.0,0.0,1.0
Las Vegas,327.0,2.0,18.0,401.0,22.0,113.0,206.0,3.0,62.0,0.0,10.0
Lawrence,36.0,1.0,2.0,68.0,1.0,15.0,28.0,0.0,10.0,0.0,1.0
Lawrenceville,24.0,1.0,2.0,61.0,2.0,6.0,25.0,0.0,14.0,0.0,0.0
Lawton,20.0,0.0,2.0,28.0,0.0,7.0,21.0,0.0,4.0,0.0,2.0
Lenoir,52.0,0.0,2.0,54.0,3.0,8.0,27.0,0.0,6.0,0.0,0.0
Levittown,38.0,0.0,1.0,42.0,2.0,6.0,23.0,1.0,4.0,2.0,0.0
Lewisville,19.0,0.0,0.0,30.0,1.0,4.0,14.0,0.0,2.0,0.0,0.0
Lilburn,26.0,0.0,1.0,23.0,3.0,7.0,14.0,0.0,4.0,1.0,1.0
Lindenhurst,19.0,1.0,2.0,23.0,2.0,9.0,13.0,0.0,2.0,0.0,0.0
Lithonia,19.0,0.0,0.0,23.0,1.0,6.0,9.0,0.0,3.0,0.0,0.0
Littleton,34.0,1.0,0.0,58.0,2.0,12.0,27.0,0.0,5.0,0.0,1.0
Livermore,38.0,0.0,3.0,56.0,1.0,7.0,22.0,0.0,7.0,0.0,1.0
Lockport,64.0,0.0,3.0,88.0,7.0,15.0,33.0,1.0,10.0,3.0,1.0
Lodi,16.0,0.0,0.0,18.0,0.0,4.0,6.0,0.0,4.0,0.0,0.0
Lombard,24.0,1.0,0.0,42.0,2.0,10.0,22.0,0.0,7.0,0.0,0.0
Lompoc,22.0,0.0,0.0,33.0,0.0,15.0,14.0,0.0,6.0,0.0,0.0
Long Beach,147.0,3.0,7.0,186.0,7.0,52.0,114.0,0.0,28.0,0.0,2.0
Longmont,52.0,0.0,3.0,85.0,3.0,12.0,21.0,0.0,11.0,0.0,1.0
Longview,23.0,1.0,1.0,20.0,2.0,7.0,9.0,0.0,3.0,0.0,1.0
Los Angeles,934.0,7.0,39.0,1268.0,43.0,279.0,613.0,12.0,177.0,11.0,34.0
Louisville,51.0,1.0,1.0,67.0,1.0,10.0,35.0,0.0,8.0,0.0,2.0
Loveland,51.0,0.0,3.0,72.0,4.0,16.0,41.0,2.0,9.0,0.0,2.0
Lutz,35.0,0.0,0.0,44.0,2.0,6.0,19.0,1.0,7.0,0.0,1.0
Lynn,21.0,2.0,0.0,33.0,0.0,9.0,15.0,1.0,6.0,0.0,1.0
Lynnwood,28.0,0.0,1.0,20.0,2.0,7.0,16.0,0.0,6.0,1.0,1.0
Lynwood,18.0,0.0,1.0,35.0,1.0,4.0,21.0,0.0,7.0,0.0,2.0
Madera,15.0,0.0,1.0,26.0,0.0,5.0,10.0,2.0,4.0,2.0,0.0
Madison,37.0,0.0,0.0,45.0,0.0,7.0,17.0,0.0,8.0,2.0,1.0
Malden,11.0,0.0,0.0,9.0,0.0,0.0,0.0,0.0,0.0,2.0,0.0
Manati,39.0,0.0,0.0,68.0,2.0,11.0,41.0,0.0,8.0,0.0,0.0
Manchester,17.0,0.0,3.0,36.0,2.0,10.0,22.0,1.0,5.0,0.0,0.0
Marietta,97.0,0.0,0.0,103.0,5.0,20.0,76.0,0.0,15.0,0.0,2.0
Marion,11.0,0.0,0.0,13.0,0.0,3.0,6.0,0.0,0.0,0.0,1.0
Marrero,41.0,0.0,0.0,48.0,0.0,9.0,24.0,0.0,13.0,2.0,0.0
Martinez,26.0,1.0,0.0,36.0,0.0,10.0,28.0,1.0,9.0,0.0,0.0
Martinsburg,44.0,0.0,2.0,46.0,2.0,12.0,26.0,1.0,10.0,0.0,0.0
Massapequa,19.0,0.0,0.0,33.0,0.0,4.0,16.0,0.0,3.0,0.0,2.0
Massillon,33.0,0.0,0.0,31.0,1.0,8.0,15.0,0.0,5.0,2.0,0.0
Mayaguez,37.0,0.0,0.0,46.0,0.0,9.0,28.0,0.0,12.0,0.0,1.0
Mcallen,15.0,1.0,1.0,23.0,0.0,4.0,9.0,0.0,2.0,0.0,0.0
Mchenry,18.0,1.0,1.0,24.0,2.0,9.0,13.0,0.0,5.0,0.0,0.0
Mechanicsburg,37.0,0.0,1.0,53.0,2.0,11.0,27.0,0.0,9.0,0.0,1.0
Medford,15.0,0.0,0.0,38.0,0.0,8.0,17.0,0.0,6.0,0.0,0.0
Medina,19.0,0.0,1.0,25.0,2.0,6.0,16.0,0.0,5.0,0.0,1.0
Memphis,176.0,2.0,8.0,270.0,8.0,55.0,140.0,1.0,41.0,1.0,5.0
Mentor,22.0,0.0,4.0,26.0,1.0,8.0,15.0,1.0,9.0,0.0,0.0
Merced,19.0,1.0,1.0,28.0,0.0,6.0,10.0,0.0,2.0,0.0,2.0
Meridian,54.0,0.0,2.0,66.0,1.0,7.0,25.0,0.0,8.0,2.0,2.0
Mesa,55.0,0.0,3.0,64.0,4.0,19.0,52.0,0.0,12.0,0.0,1.0
Mesquite,30.0,0.0,2.0,37.0,0.0,9.0,23.0,0.0,8.0,0.0,2.0
Metairie,34.0,0.0,0.0,37.0,0.0,7.0,20.0,0.0,7.0,0.0,1.0
Methuen,35.0,1.0,3.0,38.0,1.0,12.0,27.0,0.0,6.0,0.0,1.0
Miami,378.0,1.0,14.0,492.0,20.0,100.0,226.0,3.0,67.0,3.0,10.0
Michigan City,21.0,0.0,4.0,34.0,1.0,3.0,16.0,0.0,3.0,0.0,0.0
Middletown,58.0,1.0,2.0,106.0,3.0,15.0,40.0,0.0,18.0,0.0,3.0
Milford,61.0,0.0,2.0,75.0,1.0,18.0,42.0,0.0,11.0,0.0,1.0
Mililani,37.0,1.0,3.0,81.0,4.0,8.0,36.0,1.0,16.0,0.0,2.0
Milpitas,43.0,0.0,2.0,48.0,1.0,7.0,25.0,0.0,6.0,0.0,1.0
Milwaukee,54.0,0.0,1.0,74.0,1.0,17.0,35.0,0.0,13.0,0.0,3.0
Mission,45.0,0.0,0.0,66.0,0.0,13.0,29.0,0.0,7.0,0.0,1.0
Mission Viejo,74.0,0.0,5.0,123.0,5.0,25.0,48.0,0.0,23.0,0.0,4.0
Modesto,73.0,2.0,8.0,108.0,2.0,21.0,52.0,1.0,19.0,0.0,1.0
Moline,59.0,0.0,3.0,58.0,2.0,15.0,40.0,0.0,10.0,0.0,2.0
Montebello,44.0,0.0,0.0,43.0,2.0,7.0,21.0,0.0,4.0,0.0,1.0
Moreno Valley,69.0,0.0,5.0,132.0,3.0,17.0,70.0,3.0,20.0,0.0,5.0
Morganton,13.0,0.0,0.0,22.0,1.0,10.0,14.0,0.0,2.0,0.0,0.0
Morristown,37.0,1.0,2.0,55.0,0.0,10.0,26.0,0.0,8.0,1.0,1.0
Morrisville,23.0,1.0,4.0,24.0,0.0,6.0,20.0,0.0,8.0,0.0,2.0
Mount Pleasant,48.0,2.0,5.0,69.0,4.0,18.0,30.0,2.0,15.0,0.0,0.0
Mount Prospect,40.0,1.0,3.0,60.0,3.0,12.0,28.0,0.0,14.0,0.0,1.0
Murfreesboro,44.0,0.0,0.0,57.0,4.0,13.0,30.0,0.0,9.0,2.0,0.0
Muskegon,22.0,0.0,0.0,37.0,2.0,11.0,13.0,0.0,2.0,0.0,0.0
Napa,38.0,2.0,0.0,56.0,1.0,11.0,16.0,0.0,3.0,0.0,1.0
Nashville,10.0,0.0,2.0,27.0,1.0,3.0,8.0,0.0,2.0,0.0,0.0
National City,10.0,0.0,0.0,6.0,2.0,6.0,4.0,1.0,1.0,0.0,0.0
New Albany,27.0,0.0,0.0,41.0,1.0,12.0,17.0,0.0,9.0,0.0,2.0
New Bedford,40.0,0.0,1.0,62.0,3.0,11.0,34.0,1.0,10.0,0.0,3.0
New Braunfels,26.0,0.0,1.0,33.0,0.0,8.0,11.0,0.0,5.0,0.0,1.0
New Brunswick,32.0,0.0,1.0,54.0,1.0,14.0,24.0,0.0,4.0,0.0,2.0
New Castle,18.0,0.0,1.0,25.0,1.0,5.0,11.0,0.0,4.0,0.0,1.0
New Haven,41.0,1.0,3.0,50.0,3.0,11.0,27.0,0.0,3.0,0.0,2.0
New Orleans,126.0,0.0,2.0,178.0,7.0,44.0,92.0,1.0,30.0,0.0,5.0
New York,498.0,0.0,17.0,648.0,25.0,149.0,366.0,4.0,91.0,6.0,12.0
Newark,148.0,1.0,10.0,210.0,9.0,45.0,94.0,1.0,19.0,0.0,7.0
Newburgh,54.0,1.0,1.0,87.0,3.0,18.0,46.0,0.0,7.0,0.0,2.0
Norcross,37.0,0.0,2.0,40.0,2.0,5.0,19.0,1.0,8.0,0.0,2.0
Norfolk,37.0,2.0,1.0,50.0,6.0,10.0,26.0,1.0,7.0,0.0,2.0
Normal,18.0,0.0,2.0,27.0,0.0,9.0,9.0,0.0,5.0,0.0,0.0
North Bergen,25.0,1.0,2.0,30.0,0.0,12.0,17.0,0.0,8.0,0.0,1.0
North Hills,42.0,0.0,0.0,45.0,1.0,8.0,30.0,0.0,9.0,2.0,0.0
North Hollywood,57.0,1.0,3.0,72.0,0.0,14.0,38.0,0.0,8.0,0.0,2.0
North Las Vegas,39.0,0.0,5.0,56.0,2.0,12.0,37.0,0.0,12.0,1.0,2.0
North Richland Hills,49.0,1.0,2.0,58.0,4.0,13.0,33.0,0.0,10.0,0.0,1.0
North Tonawanda,29.0,0.0,0.0,41.0,0.0,9.0,21.0,0.0,8.0,0.0,2.0
Norwalk,10.0,0.0,1.0,15.0,1.0,5.0,11.0,0.0,2.0,0.0,1.0
O Fallon,23.0,0.0,0.0,38.0,1.0,5.0,20.0,0.0,3.0,0.0,0.0
Oak Lawn,32.0,1.0,1.0,38.0,3.0,8.0,18.0,0.0,5.0,0.0,0.0
Oakland,17.0,0.0,0.0,22.0,1.0,4.0,14.0,0.0,1.0,0.0,0.0
Oceanside,88.0,1.0,4.0,120.0,5.0,28.0,56.0,0.0,8.0,4.0,1.0
Ogden,42.0,1.0,3.0,58.0,1.0,10.0,30.0,0.0,9.0,0.0,3.0
Olathe,35.0,0.0,0.0,44.0,1.0,11.0,26.0,0.0,9.0,0.0,1.0
Ontario,114.0,1.0,3.0,140.0,5.0,32.0,65.0,1.0,19.0,0.0,4.0
Opa Locka,43.0,1.0,1.0,55.0,3.0,9.0,28.0,0.0,9.0,0.0,2.0
Opelousas,49.0,1.0,0.0,71.0,3.0,13.0,27.0,0.0,3.0,0.0,1.0
Orange Park,37.0,0.0,4.0,54.0,0.0,12.0,34.0,0.0,7.0,0.0,3.0
Oregon City,46.0,0.0,0.0,89.0,2.0,11.0,27.0,0.0,12.0,0.0,0.0
Orlando,119.0,1.0,7.0,167.0,6.0,42.0,81.0,0.0,21.0,0.0,2.0
Oviedo,12.0,0.0,0.0,16.0,1.0,3.0,9.0,0.0,4.0,0.0,0.0
Oxnard,72.0,2.0,2.0,100.0,3.0,25.0,50.0,0.0,19.0,0.0,3.0
Pacoima,20.0,0.0,2.0,47.0,0.0,8.0,17.0,1.0,2.0,1.0,2.0
Painesville,14.0,0.0,0.0,28.0,1.0,8.0,17.0,0.0,4.0,0.0,1.0
Palatine,48.0,0.0,2.0,49.0,0.0,9.0,21.0,1.0,8.0,0.0,1.0
Palmdale,24.0,0.0,1.0,34.0,1.0,6.0,14.0,0.0,6.0,0.0,0.0
Palo Alto,6.0,0.0,3.0,17.0,0.0,2.0,10.0,0.0,4.0,0.0,1.0
Panorama City,43.0,0.0,0.0,67.0,2.0,10.0,23.0,0.0,11.0,4.0,1.0
Paramount,37.0,0.0,2.0,44.0,1.0,7.0,17.0,0.0,1.0,0.0,2.0
Parkville,24.0,1.0,0.0,24.0,2.0,6.0,11.0,0.0,4.0,1.0,0.0
Pasadena,36.0,0.0,0.0,41.0,0.0,11.0,21.0,1.0,2.0,0.0,0.0
Passaic,19.0,1.0,0.0,33.0,0.0,5.0,23.0,0.0,7.0,0.0,0.0
Pawtucket,39.0,0.0,1.0,57.0,2.0,10.0,23.0,1.0,5.0,2.0,1.0
Peabody,18.0,1.0,2.0,23.0,1.0,7.0,11.0,0.0,3.0,0.0,1.0
Pekin,45.0,0.0,0.0,60.0,1.0,21.0,26.0,0.0,5.0,2.0,2.0
Peoria,21.0,2.0,1.0,42.0,1.0,5.0,21.0,0.0,5.0,0.0,2.0
Perth Amboy,34.0,0.0,1.0,39.0,1.0,7.0,21.0,0.0,6.0,0.0,1.0
Pharr,45.0,0.0,1.0,56.0,1.0,16.0,28.0,0.0,5.0,0.0,1.0
Philadelphia,446.0,3.0,16.0,552.0,21.0,132.0,317.0,2.0,81.0,1.0,6.0
Phoenix,238.0,5.0,15.0,366.0,10.0,82.0,170.0,0.0,50.0,1.0,8.0
Pico Rivera,39.0,1.0,3.0,32.0,3.0,7.0,15.0,1.0,6.0,0.0,1.0
Piscataway,38.0,2.0,5.0,62.0,2.0,11.0,34.0,0.0,16.0,0.0,2.0
Pittsburg,25.0,0.0,2.0,18.0,1.0,8.0,3.0,0.0,2.0,0.0,0.0
Pittsfield,31.0,0.0,0.0,46.0,1.0,15.0,19.0,1.0,5.0,0.0,2.0
Placentia,27.0,0.0,1.0,29.0,1.0,7.0,14.0,1.0,9.0,0.0,0.0
Plainfield,38.0,0.0,3.0,50.0,2.0,9.0,26.0,0.0,6.0,0.0,1.0
Plano,57.0,1.0,1.0,91.0,5.0,12.0,38.0,1.0,9.0,2.0,1.0
Plymouth,45.0,0.0,2.0,70.0,0.0,18.0,27.0,0.0,10.0,0.0,0.0
Pomona,63.0,1.0,5.0,89.0,4.0,22.0,51.0,1.0,14.0,0.0,3.0
Pompano Beach,141.0,1.0,4.0,207.0,9.0,48.0,100.0,2.0,24.0,0.0,4.0
Ponce,5.0,0.0,0.0,9.0,0.0,2.0,4.0,0.0,2.0,0.0,0.0
Porterville,43.0,0.0,3.0,56.0,2.0,7.0,35.0,0.0,8.0,0.0,1.0
Portland,119.0,2.0,12.0,142.0,8.0,27.0,78.0,1.0,21.0,1.0,1.0
Potomac,32.0,0.0,3.0,66.0,2.0,9.0,30.0,1.0,7.0,0.0,1.0
Poway,23.0,0.0,1.0,20.0,2.0,0.0,5.0,0.0,5.0,0.0,1.0
Powder Springs,34.0,0.0,1.0,57.0,2.0,12.0,22.0,1.0,11.0,1.0,0.0
Princeton,54.0,1.0,2.0,93.0,1.0,19.0,37.0,1.0,8.0,2.0,2.0
Provo,26.0,0.0,0.0,40.0,4.0,8.0,23.0,0.0,4.0,0.0,0.0
Quincy,61.0,0.0,2.0,75.0,3.0,17.0,35.0,1.0,14.0,1.0,2.0
Raleigh,41.0,0.0,3.0,80.0,3.0,26.0,43.0,0.0,10.0,2.0,3.0
Rancho Cordova,18.0,0.0,4.0,36.0,2.0,7.0,18.0,0.0,5.0,0.0,1.0
Rancho Cucamonga,26.0,0.0,1.0,26.0,0.0,9.0,12.0,0.0,5.0,2.0,2.0
Redmond,32.0,0.0,0.0,38.0,1.0,11.0,23.0,0.0,11.0,0.0,1.0
Rego Park,40.0,0.0,0.0,46.0,2.0,7.0,24.0,1.0,7.0,0.0,2.0
Reno,9.0,0.0,0.0,12.0,0.0,2.0,7.0,0.0,3.0,2.0,0.0
Reseda,23.0,0.0,1.0,32.0,1.0,2.0,17.0,0.0,2.0,0.0,1.0
Revere,24.0,0.0,4.0,19.0,0.0,5.0,11.0,0.0,2.0,0.0,0.0
Reynoldsburg,37.0,0.0,2.0,50.0,1.0,9.0,21.0,0.0,5.0,0.0,1.0
Rialto,12.0,0.0,0.0,20.0,0.0,3.0,7.0,1.0,2.0,0.0,0.0
Richardson,25.0,2.0,2.0,45.0,1.0,10.0,13.0,0.0,5.0,0.0,1.0
Richmond,94.0,1.0,7.0,126.0,5.0,41.0,63.0,1.0,17.0,0.0,6.0
Ridgewood,34.0,0.0,0.0,37.0,1.0,10.0,24.0,0.0,4.0,0.0,0.0
Rio Grande,33.0,0.0,0.0,59.0,2.0,5.0,21.0,1.0,6.0,0.0,2.0
Rio Rancho,25.0,1.0,1.0,20.0,2.0,6.0,17.0,0.0,3.0,0.0,1.0
Riverside,123.0,0.0,1.0,174.0,11.0,41.0,73.0,0.0,24.0,0.0,2.0
Rochester,48.0,0.0,1.0,61.0,3.0,14.0,27.0,0.0,10.0,0.0,0.0
Rock Hill,31.0,0.0,0.0,38.0,0.0,7.0,10.0,1.0,7.0,0.0,0.0
Rome,55.0,0.0,0.0,63.0,2.0,18.0,31.0,1.0,11.0,0.0,1.0
Roseburg,26.0,0.0,1.0,37.0,1.0,6.0,15.0,0.0,6.0,0.0,0.0
Rosemead,19.0,0.0,1.0,40.0,1.0,8.0,14.0,1.0,1.0,0.0,0.0
Roseville,25.0,0.0,0.0,42.0,2.0,15.0,27.0,0.0,10.0,2.0,0.0
Roswell,69.0,1.0,4.0,106.0,3.0,21.0,44.0,0.0,8.0,2.0,1.0
Round Rock,30.0,0.0,2.0,41.0,0.0,9.0,24.0,0.0,4.0,2.0,0.0
Rowland Heights,52.0,0.0,1.0,89.0,5.0,18.0,40.0,0.0,9.0,0.0,4.0
Sacramento,103.0,0.0,0.0,147.0,3.0,37.0,61.0,0.0,28.0,0.0,3.0
Saginaw,28.0,0.0,2.0,52.0,4.0,7.0,22.0,0.0,8.0,0.0,1.0
Saint Charles,34.0,0.0,1.0,54.0,1.0,9.0,24.0,0.0,8.0,0.0,2.0
Saint Louis,115.0,0.0,0.0,156.0,8.0,39.0,72.0,0.0,20.0,0.0,1.0
Saint Paul,133.0,2.0,5.0,217.0,9.0,45.0,94.0,0.0,25.0,4.0,7.0
Saint Peters,17.0,0.0,2.0,32.0,2.0,6.0,13.0,0.0,4.0,0.0,2.0
Salem,74.0,1.0,3.0,76.0,3.0,23.0,44.0,1.0,18.0,0.0,2.0
Salina,36.0,0.0,1.0,46.0,2.0,11.0,25.0,1.0,8.0,0.0,3.0
Salinas,44.0,1.0,5.0,51.0,7.0,12.0,25.0,1.0,6.0,0.0,2.0
Salt Lake City,84.0,0.0,4.0,133.0,5.0,22.0,64.0,2.0,19.0,2.0,1.0
San Antonio,232.0,4.0,12.0,266.0,9.0,58.0,107.0,0.0,35.0,0.0,7.0
San Benito,50.0,0.0,2.0,110.0,10.0,22.0,28.0,0.0,10.0,0.0,2.0
San Bernardino,61.0,1.0,5.0,91.0,1.0,24.0,52.0,2.0,9.0,2.0,3.0
San Diego,391.0,1.0,11.0,534.0,26.0,121.0,267.0,2.0,76.0,0.0,8.0
San Francisco,93.0,0.0,8.0,171.0,5.0,24.0,101.0,2.0,19.0,4.0,4.0
San Jose,258.0,1.0,4.0,336.0,11.0,75.0,192.0,4.0,54.0,2.0,6.0
San Juan,96.0,2.0,4.0,122.0,2.0,29.0,60.0,1.0,19.0,0.0,2.0
San Marcos,67.0,3.0,4.0,83.0,3.0,26.0,43.0,0.0,13.0,0.0,4.0
San Pablo,35.0,0.0,0.0,44.0,2.0,8.0,22.0,0.0,2.0,0.0,0.0
San Pedro,21.0,0.0,0.0,27.0,0.0,2.0,11.0,0.0,5.0,0.0,1.0
San Ramon,33.0,0.0,4.0,48.0,2.0,9.0,24.0,0.0,6.0,0.0,0.0
San Sebastian,33.0,0.0,1.0,44.0,0.0,15.0,25.0,1.0,6.0,0.0,1.0
Sandusky,19.0,0.0,2.0,30.0,0.0,6.0,19.0,0.0,6.0,0.0,1.0
Sanford,21.0,0.0,2.0,49.0,0.0,8.0,21.0,0.0,5.0,2.0,0.0
Santa Ana,145.0,0.0,10.0,189.0,6.0,40.0,92.0,0.0,26.0,2.0,2.0
Santa Clara,44.0,0.0,0.0,55.0,0.0,13.0,22.0,1.0,9.0,0.0,1.0
Santa Cruz,57.0,1.0,1.0,73.0,2.0,14.0,29.0,0.0,9.0,0.0,1.0
Santa Fe,16.0,0.0,1.0,27.0,0.0,7.0,11.0,0.0,2.0,0.0,1.0
Santa Maria,16.0,0.0,1.0,17.0,0.0,1.0,10.0,0.0,1.0,0.0,1.0
Santee,19.0,0.0,0.0,26.0,2.0,1.0,16.0,0.0,2.0,0.0,2.0
Scottsdale,40.0,0.0,2.0,46.0,2.0,13.0,20.0,0.0,6.0,0.0,0.0
Seattle,57.0,1.0,3.0,57.0,2.0,18.0,34.0,0.0,10.0,1.0,2.0
Sheboygan,20.0,0.0,0.0,43.0,4.0,7.0,19.0,0.0,5.0,0.0,0.0
Silver Spring,58.0,0.0,1.0,61.0,1.0,17.0,34.0,1.0,8.0,0.0,4.0
Simi Valley,86.0,0.0,4.0,96.0,4.0,24.0,51.0,1.0,11.0,0.0,0.0
Smyrna,22.0,0.0,1.0,38.0,1.0,5.0,24.0,0.0,6.0,0.0,3.0
South El Monte,36.0,0.0,0.0,45.0,1.0,8.0,28.0,0.0,5.0,0.0,0.0
South Gate,18.0,0.0,0.0,29.0,2.0,4.0,13.0,0.0,8.0,0.0,0.0
South Ozone Park,37.0,2.0,4.0,43.0,0.0,12.0,20.0,0.0,5.0,0.0,2.0
South Richmond Hill,40.0,0.0,4.0,58.0,4.0,10.0,19.0,0.0,5.0,0.0,0.0
South San Francisco,19.0,0.0,5.0,30.0,3.0,6.0,23.0,0.0,2.0,0.0,0.0
Spokane,7.0,0.0,1.0,13.0,0.0,5.0,13.0,0.0,3.0,0.0,1.0
Spring,11.0,1.0,0.0,22.0,0.0,2.0,11.0,0.0,8.0,0.0,1.0
Spring Valley,70.0,0.0,4.0,89.0,3.0,13.0,52.0,0.0,11.0,1.0,2.0
Springfield,22.0,0.0,1.0,31.0,1.0,1.0,12.0,1.0,4.0,0.0,0.0
Stafford,15.0,1.0,2.0,26.0,4.0,2.0,23.0,0.0,7.0,0.0,1.0
Stamford,50.0,0.0,1.0,51.0,2.0,8.0,23.0,0.0,3.0,0.0,1.0
Staten Island,56.0,0.0,0.0,82.0,3.0,26.0,53.0,0.0,19.0,0.0,2.0
Stockbridge,43.0,0.0,7.0,62.0,0.0,12.0,26.0,0.0,8.0,1.0,3.0
Stockton,77.0,0.0,2.0,80.0,7.0,20.0,50.0,2.0,14.0,0.0,3.0
Stone Mountain,25.0,0.0,2.0,37.0,0.0,12.0,24.0,0.0,6.0,0.0,0.0
Strongsville,68.0,1.0,1.0,96.0,6.0,19.0,44.0,0.0,9.0,2.0,2.0
Sugar Land,70.0,0.0,4.0,105.0,6.0,20.0,54.0,0.0,13.0,2.0,4.0
Summerville,32.0,0.0,1.0,46.0,0.0,11.0,13.0,0.0,4.0,0.0,1.0
Sumner,7.0,0.0,0.0,13.0,1.0,0.0,6.0,0.0,1.0,0.0,0.0
Sun Valley,24.0,0.0,1.0,24.0,1.0,6.0,18.0,0.0,7.0,0.0,1.0
Sunnyvale,47.0,1.0,4.0,67.0,2.0,13.0,39.0,1.0,7.0,0.0,3.0
Sylmar,24.0,0.0,0.0,36.0,0.0,7.0,20.0,0.0,1.0,0.0,1.0
Tallahassee,51.0,0.0,3.0,72.0,4.0,26.0,40.0,0.0,10.0,0.0,1.0
Tampa,112.0,2.0,3.0,127.0,5.0,28.0,76.0,0.0,21.0,0.0,2.0
Taunton,9.0,0.0,1.0,17.0,0.0,2.0,2.0,1.0,3.0,0.0,1.0
Taylor,11.0,1.0,2.0,26.0,3.0,3.0,12.0,0.0,1.0,0.0,0.0
Temecula,23.0,0.0,0.0,27.0,1.0,7.0,13.0,0.0,3.0,0.0,0.0
Tempe,121.0,2.0,8.0,163.0,6.0,44.0,95.0,2.0,32.0,2.0,6.0
Tinley Park,21.0,0.0,2.0,30.0,0.0,8.0,12.0,0.0,4.0,2.0,1.0
Toa Alta,10.0,0.0,1.0,21.0,0.0,2.0,3.0,1.0,1.0,0.0,0.0
Toa Baja,12.0,0.0,1.0,16.0,1.0,6.0,10.0,0.0,3.0,0.0,1.0
Toms River,35.0,0.0,2.0,53.0,1.0,20.0,20.0,1.0,8.0,0.0,2.0
Tonawanda,34.0,0.0,2.0,65.0,1.0,15.0,31.0,1.0,7.0,2.0,0.0
Tracy,10.0,0.0,3.0,22.0,0.0,2.0,8.0,0.0,5.0,0.0,3.0
Troy,54.0,1.0,4.0,112.0,1.0,19.0,56.0,0.0,19.0,0.0,2.0
Trujillo Alto,26.0,0.0,1.0,46.0,0.0,7.0,16.0,0.0,7.0,2.0,0.0
Tucson,144.0,0.0,8.0,218.0,6.0,47.0,108.0,1.0,37.0,5.0,8.0
Tulare,30.0,0.0,2.0,41.0,3.0,8.0,21.0,0.0,6.0,0.0,1.0
Tustin,56.0,0.0,2.0,75.0,4.0,18.0,37.0,0.0,14.0,0.0,2.0
Union,27.0,1.0,0.0,33.0,2.0,9.0,28.0,0.0,8.0,0.0,0.0
Union City,58.0,0.0,2.0,72.0,3.0,23.0,52.0,1.0,8.0,0.0,1.0
Upland,18.0,0.0,1.0,18.0,1.0,3.0,11.0,1.0,6.0,0.0,0.0
Vacaville,20.0,0.0,2.0,28.0,0.0,6.0,16.0,1.0,3.0,0.0,0.0
Vallejo,20.0,0.0,0.0,28.0,4.0,6.0,18.0,0.0,9.0,0.0,0.0
Valrico,37.0,0.0,3.0,36.0,1.0,18.0,19.0,0.0,11.0,1.0,0.0
Van Nuys,77.0,0.0,1.0,84.0,3.0,17.0,34.0,0.0,16.0,0.0,4.0
Vega Baja,35.0,0.0,2.0,49.0,1.0,16.0,22.0,0.0,13.0,1.0,1.0
Ventura,46.0,0.0,1.0,76.0,1.0,15.0,44.0,0.0,10.0,2.0,2.0
Victorville,27.0,0.0,1.0,37.0,4.0,8.0,16.0,0.0,8.0,0.0,1.0
Virginia Beach,176.0,0.0,5.0,262.0,10.0,53.0,139.0,1.0,35.0,0.0,10.0
Visalia,42.0,1.0,1.0,42.0,0.0,7.0,14.0,0.0,9.0,0.0,0.0
Vista,55.0,1.0,1.0,75.0,4.0,14.0,30.0,0.0,9.0,0.0,1.0
Waipahu,42.0,0.0,1.0,55.0,5.0,13.0,29.0,1.0,6.0,0.0,1.0
Walnut,48.0,0.0,2.0,62.0,3.0,17.0,29.0,0.0,9.0,1.0,2.0
Warren,33.0,0.0,3.0,42.0,0.0,14.0,26.0,1.0,7.0,0.0,1.0
Washington,177.0,0.0,7.0,223.0,4.0,52.0,117.0,0.0,37.0,1.0,9.0
Watsonville,36.0,0.0,3.0,39.0,1.0,12.0,15.0,0.0,6.0,0.0,1.0
Waukegan,39.0,1.0,3.0,47.0,1.0,8.0,25.0,0.0,9.0,2.0,1.0
Wayne,48.0,1.0,2.0,48.0,2.0,19.0,34.0,0.0,8.0,0.0,0.0
Webster,47.0,1.0,3.0,64.0,6.0,9.0,20.0,0.0,6.0,0.0,0.0
Weslaco,41.0,0.0,1.0,65.0,1.0,15.0,21.0,0.0,18.0,2.0,2.0
West Chester,91.0,1.0,1.0,118.0,2.0,33.0,63.0,0.0,19.0,2.0,1.0
West Covina,68.0,2.0,1.0,96.0,3.0,16.0,41.0,0.0,14.0,0.0,1.0
West Haven,30.0,0.0,1.0,22.0,1.0,10.0,15.0,0.0,4.0,0.0,2.0
West Jordan,36.0,0.0,3.0,53.0,2.0,11.0,21.0,1.0,12.0,0.0,3.0
West Lafayette,24.0,0.0,0.0,30.0,0.0,6.0,9.0,1.0,8.0,0.0,0.0
West New York,32.0,1.0,2.0,33.0,0.0,12.0,19.0,1.0,6.0,0.0,2.0
West Orange,36.0,0.0,0.0,53.0,2.0,15.0,26.0,0.0,4.0,3.0,1.0
Westerville,34.0,0.0,1.0,35.0,1.0,10.0,21.0,1.0,8.0,0.0,0.0
Westland,34.0,0.0,0.0,57.0,0.0,11.0,18.0,0.0,10.0,2.0,2.0
Westminster,17.0,0.0,1.0,32.0,0.0,4.0,12.0,0.0,4.0,2.0,1.0
Wheaton,33.0,0.0,0.0,29.0,3.0,14.0,14.0,0.0,9.0,2.0,1.0
Wheeling,26.0,1.0,1.0,32.0,0.0,9.0,21.0,1.0,7.0,0.0,0.0
Wichita,45.0,0.0,3.0,82.0,2.0,21.0,34.0,0.0,8.0,0.0,3.0
Wilkes Barre,22.0,0.0,0.0,33.0,1.0,10.0,20.0,0.0,4.0,0.0,1.0
Williamsport,17.0,0.0,0.0,29.0,1.0,4.0,13.0,0.0,2.0,2.0,0.0
Wilmington,11.0,1.0,2.0,16.0,0.0,6.0,9.0,0.0,2.0,0.0,1.0
Winnetka,64.0,0.0,1.0,86.0,0.0,25.0,45.0,0.0,12.0,1.0,2.0
Winter Park,45.0,1.0,1.0,39.0,2.0,5.0,17.0,0.0,10.0,0.0,0.0
Woodbridge,56.0,0.0,2.0,56.0,6.0,8.0,32.0,1.0,11.0,2.0,1.0
Woodside,21.0,0.0,0.0,32.0,0.0,6.0,18.0,0.0,5.0,0.0,1.0
Woonsocket,30.0,1.0,2.0,37.0,1.0,6.0,14.0,0.0,7.0,2.0,2.0
Wyandotte,40.0,0.0,1.0,49.0,0.0,14.0,25.0,0.0,3.0,4.0,0.0
Wyoming,39.0,1.0,1.0,58.0,3.0,9.0,29.0,0.0,6.0,0.0,1.0
Yauco,27.0,0.0,0.0,42.0,1.0,14.0,22.0,0.0,8.0,0.0,1.0
Yonkers,44.0,1.0,2.0,46.0,2.0,7.0,24.0,0.0,9.0,3.0,0.0
York,66.0,1.0,3.0,81.0,4.0,28.0,43.0,0.0,13.0,1.0,1.0
Ypsilanti,30.0,1.0,5.0,57.0,1.0,7.0,31.0,0.0,10.0,0.0,2.0
Yuma,26.0,0.0,1.0,38.0,4.0,8.0,11.0,0.0,4.0,0.0,0.0
Zanesville,25.0,0.0,0.0,36.0,2.0,13.0,34.0,0.0,5.0,0.0,0.0
